Date,Temperature,Humidity,Day_Type,Energy_Consumption
2023-01-01,16.2,30.51,Weekend,133.87
2023-01-02,29.07,36.11,Weekday,183.0
2023-01-03,18.48,73.06,Weekend,211.41
2023-01-04,22.48,56.64,Weekday,168.42
2023-01-05,30.21,20.27,Weekend,164.21
2023-01-06,27.51,69.27,Weekday,208.74
2023-01-07,22.33,54.1,Weekend,180.16
2023-01-08,28.47,76.7,Weekday,213.76
2023-01-09,37.68,80.83,Weekday,252.17
2023-01-10,18.79,32.14,Weekend,157.79
2023-01-11,28.57,51.32,Weekend,201.62
2023-01-12,33.42,44.75,Weekend,211.83
2023-01-13,25.44,70.95,Weekend,228.15
2023-01-14,35.72,70.01,Weekday,218.15
2023-01-15,19.91,82.83,Weekday,195.03
2023-01-16,26.07,39.9,Weekend,196.82
2023-01-17,31.85,73.73,Weekend,251.7
2023-01-18,28.22,67.21,Weekday,202.64
2023-01-19,21.39,20.77,Weekday,130.31
2023-01-20,32.39,66.28,Weekend,204.98
2023-01-21,16.43,20.66,Weekend,136.06
2023-01-22,39.98,36.25,Weekday,209.3
2023-01-23,22.19,72.19,Weekday,194.04
2023-01-24,12.7,22.68,Weekend,104.65
2023-01-25,17.27,83.21,Weekend,201.14
2023-01-26,10.64,55.95,Weekday,156.87
2023-01-27,19.06,63.62,Weekday,162.32
2023-01-28,24.22,79.38,Weekday,192.82
2023-01-29,22.93,26.54,Weekday,147.19
2023-01-30,32.83,55.39,Weekday,197.66
2023-01-31,33.46,60.1,Weekend,237.81
2023-02-01,15.54,31.53,Weekday,122.15
2023-02-02,26.12,25.29,Weekend,137.47
2023-02-03,16.03,28.01,Weekend,137.15
2023-02-04,15.63,89.05,Weekend,213.64
2023-02-05,18.98,27.67,Weekend,149.96
2023-02-06,24.8,75.46,Weekend,221.43
2023-02-07,11.62,77.8,Weekday,185.9
2023-02-08,18.86,46.58,Weekend,160.8
2023-02-09,12.93,81.16,Weekday,190.39
2023-02-10,19.29,24.95,Weekday,140.86
2023-02-11,15.95,53.6,Weekend,185.04
2023-02-12,30.15,85.97,Weekend,250.27
2023-02-13,15.66,78.51,Weekend,199.83
2023-02-14,18.09,36.66,Weekend,166.02
2023-02-15,26.99,56.94,Weekday,193.35
2023-02-16,28.42,30.88,Weekend,177.96
2023-02-17,34.67,64.87,Weekend,234.37
2023-02-18,13.6,72.82,Weekday,166.12
2023-02-19,32.91,36.88,Weekend,206.0
2023-02-20,25.65,52.88,Weekday,168.76
2023-02-21,13.91,62.29,Weekend,187.49
2023-02-22,37.04,25.88,Weekday,171.74
2023-02-23,12.98,22.69,Weekend,111.57
2023-02-24,24.36,75.05,Weekday,210.0
2023-02-25,28.39,41.03,Weekend,185.92
2023-02-26,39.44,69.82,Weekend,245.25
2023-02-27,22.93,28.4,Weekend,151.48
2023-02-28,16.03,32.56,Weekday,114.16
2023-03-01,35.82,73.43,Weekday,227.07
2023-03-02,22.45,77.49,Weekend,211.99
2023-03-03,14.53,28.26,Weekend,127.59
2023-03-04,24.46,87.43,Weekday,209.66
2023-03-05,29.22,71.9,Weekday,197.17
2023-03-06,35.69,23.81,Weekday,176.85
2023-03-07,31.84,56.34,Weekend,213.9
2023-03-08,30.83,73.74,Weekend,244.06
2023-03-09,38.47,42.07,Weekend,226.85
2023-03-10,30.68,67.72,Weekend,214.63
2023-03-11,20.4,77.76,Weekday,202.53
2023-03-12,32.68,75.88,Weekend,239.46
2023-03-13,29.21,67.8,Weekday,190.02
2023-03-14,19.66,54.2,Weekend,172.75
2023-03-15,38.34,50.53,Weekday,219.01
2023-03-16,21.42,32.36,Weekday,135.1
2023-03-17,35.65,39.1,Weekday,194.32
2023-03-18,17.95,62.21,Weekday,164.37
2023-03-19,39.63,28.91,Weekend,187.72
2023-03-20,19.8,43.89,Weekday,156.92
2023-03-21,31.15,30.74,Weekday,159.24
2023-03-22,27.06,80.52,Weekday,213.01
2023-03-23,19.69,84.33,Weekend,191.58
2023-03-24,29.49,60.16,Weekend,221.4
2023-03-25,27.8,35.99,Weekday,164.17
2023-03-26,37.78,61.33,Weekend,229.0
2023-03-27,31.93,56.24,Weekend,215.93
2023-03-28,26.06,50.9,Weekday,180.29
2023-03-29,19.56,30.86,Weekday,126.93
2023-03-30,32.39,73.72,Weekday,222.18
2023-03-31,25.59,45.13,Weekday,162.21
2023-04-01,18.24,47.26,Weekend,176.4
2023-04-02,18.69,52.43,Weekday,163.65
2023-04-03,38.83,84.27,Weekday,253.53
2023-04-04,38.71,83.5,Weekday,252.69
2023-04-05,12.76,70.95,Weekday,161.87
2023-04-06,10.42,83.36,Weekday,183.0
2023-04-07,33.59,51.07,Weekend,194.63
2023-04-08,19.63,24.44,Weekend,130.67
2023-04-09,17.05,23.68,Weekday,117.97
2023-04-10,22.89,71.38,Weekday,202.72
2023-04-11,12.16,76.4,Weekend,191.17
2023-04-12,24.03,58.86,Weekend,206.44
2023-04-13,13.73,50.38,Weekend,161.8
2023-04-14,17.03,76.88,Weekday,182.77
2023-04-15,25.95,87.54,Weekend,248.66
2023-04-16,20.39,78.92,Weekday,206.85
2023-04-17,27.69,22.11,Weekend,140.56
2023-04-18,16.28,41.39,Weekend,151.39
2023-04-19,32.44,62.51,Weekday,219.55
2023-04-20,38.51,81.42,Weekday,235.45
2023-04-21,39.88,29.37,Weekday,200.33
2023-04-22,11.22,54.25,Weekday,140.92
2023-04-23,38.09,36.07,Weekend,225.87
2023-04-24,32.79,70.39,Weekend,220.33
2023-04-25,25.2,50.85,Weekday,165.56
2023-04-26,27.48,82.56,Weekend,233.54
2023-04-27,22.19,31.42,Weekend,166.82
2023-04-28,14.52,25.46,Weekday,98.02
2023-04-29,27.7,83.75,Weekend,233.71
2023-04-30,17.1,63.93,Weekend,172.61
2023-05-01,10.21,35.05,Weekday,124.68
2023-05-02,31.79,64.4,Weekend,242.35
2023-05-03,23.93,89.22,Weekday,213.7
2023-05-04,39.12,53.13,Weekend,230.95
2023-05-05,10.75,62.45,Weekend,175.42
2023-05-06,30.63,89.13,Weekend,265.64
2023-05-07,14.77,47.78,Weekday,141.41
2023-05-08,27.89,49.83,Weekend,169.87
2023-05-09,36.85,65.5,Weekend,229.33
2023-05-10,13.06,37.29,Weekday,117.87
2023-05-11,27.3,22.04,Weekday,136.73
2023-05-12,35.0,67.1,Weekday,203.74
2023-05-13,15.36,62.44,Weekday,187.41
2023-05-14,26.38,85.13,Weekday,229.84
2023-05-15,14.28,41.4,Weekend,155.5
2023-05-16,23.7,33.18,Weekday,141.64
2023-05-17,27.21,55.0,Weekend,204.34
2023-05-18,27.39,84.17,Weekday,227.38
2023-05-19,20.23,25.95,Weekend,155.52
2023-05-20,29.02,77.97,Weekend,240.19
2023-05-21,34.63,56.61,Weekday,221.5
2023-05-22,11.93,56.13,Weekday,150.3
2023-05-23,11.09,45.62,Weekend,147.64
2023-05-24,39.44,35.06,Weekday,192.34
2023-05-25,15.52,21.33,Weekday,112.33
2023-05-26,24.99,60.17,Weekday,187.38
2023-05-27,32.86,46.72,Weekend,211.53
2023-05-28,35.47,46.24,Weekend,211.66
2023-05-29,21.41,24.3,Weekend,164.89
2023-05-30,16.13,84.3,Weekend,202.32
2023-05-31,22.87,51.9,Weekend,187.06
2023-06-01,13.24,22.52,Weekday,116.46
2023-06-02,25.6,34.15,Weekday,165.01
2023-06-03,34.49,49.1,Weekday,201.93
2023-06-04,26.06,73.6,Weekday,208.31
2023-06-05,14.7,71.88,Weekend,167.55
2023-06-06,39.86,43.7,Weekend,219.74
2023-06-07,16.69,69.65,Weekday,179.89
2023-06-08,11.99,81.82,Weekend,194.82
2023-06-09,15.18,87.89,Weekend,191.93
2023-06-10,10.99,48.27,Weekday,134.8
2023-06-11,21.61,45.94,Weekend,172.38
2023-06-12,24.06,78.87,Weekend,211.9
2023-06-13,17.3,40.02,Weekday,145.65
2023-06-14,37.84,22.7,Weekday,156.98
2023-06-15,17.02,35.08,Weekend,152.09
2023-06-16,31.87,29.36,Weekday,180.72
2023-06-17,34.22,86.29,Weekday,230.85
2023-06-18,24.9,47.98,Weekday,157.99
2023-06-19,36.86,46.78,Weekday,213.04
2023-06-20,23.2,53.37,Weekend,177.33
2023-06-21,22.8,87.61,Weekday,200.09
2023-06-22,13.15,73.53,Weekend,184.38
2023-06-23,32.4,20.34,Weekend,180.91
2023-06-24,16.71,21.54,Weekend,131.76
2023-06-25,20.09,41.69,Weekday,150.92
2023-06-26,27.6,32.77,Weekday,154.43
2023-06-27,34.99,77.64,Weekend,243.86
2023-06-28,20.44,55.38,Weekday,171.15
2023-06-29,11.48,49.12,Weekday,142.82
2023-06-30,36.02,82.97,Weekend,260.42
2023-07-01,31.26,46.46,Weekday,186.29
2023-07-02,16.43,65.41,Weekday,164.57
2023-07-03,38.23,65.4,Weekday,226.43
2023-07-04,23.57,67.2,Weekday,186.27
2023-07-05,38.95,24.63,Weekend,177.23
2023-07-06,26.64,70.05,Weekend,225.21
2023-07-07,11.59,47.81,Weekday,132.74
2023-07-08,26.05,45.81,Weekday,172.85
2023-07-09,22.34,83.47,Weekday,212.11
2023-07-10,15.23,25.44,Weekday,117.73
2023-07-11,38.95,50.56,Weekday,221.27
2023-07-12,25.23,53.44,Weekend,193.34
2023-07-13,25.63,38.85,Weekday,177.9
2023-07-14,15.27,29.33,Weekday,95.69
2023-07-15,10.65,20.4,Weekend,108.51
2023-07-16,14.91,70.72,Weekend,188.93
2023-07-17,24.78,45.01,Weekend,186.95
2023-07-18,20.17,47.72,Weekday,153.35
2023-07-19,23.07,61.06,Weekend,191.12
2023-07-20,34.21,82.56,Weekday,234.45
2023-07-21,37.98,66.81,Weekend,245.67
2023-07-22,16.69,48.13,Weekday,160.31
2023-07-23,12.79,48.09,Weekend,170.27
2023-07-24,21.68,27.64,Weekday,152.84
2023-07-25,32.3,60.77,Weekend,212.46
2023-07-26,38.11,50.29,Weekend,239.61
2023-07-27,11.87,67.93,Weekday,156.09
2023-07-28,32.82,66.7,Weekday,207.54
2023-07-29,15.1,74.52,Weekday,155.36
2023-07-30,36.43,23.0,Weekend,190.93
2023-07-31,36.16,37.7,Weekday,184.88
2023-08-01,35.36,24.49,Weekend,199.45
2023-08-02,19.6,28.05,Weekday,140.23
2023-08-03,35.4,27.19,Weekend,197.37
2023-08-04,17.44,65.69,Weekday,185.39
2023-08-05,10.24,30.26,Weekend,118.84
2023-08-06,20.24,60.42,Weekday,173.2
2023-08-07,15.59,82.68,Weekend,222.13
2023-08-08,10.89,51.75,Weekend,143.11
2023-08-09,19.37,57.69,Weekend,173.92
2023-08-10,25.95,62.53,Weekend,197.65
2023-08-11,38.82,52.77,Weekend,226.86
2023-08-12,11.08,79.6,Weekend,193.29
2023-08-13,20.47,71.6,Weekend,197.34
2023-08-14,39.79,80.72,Weekday,263.9
2023-08-15,38.4,51.42,Weekday,230.44
2023-08-16,11.43,45.67,Weekday,133.26
2023-08-17,23.79,26.31,Weekday,158.54
2023-08-18,31.32,26.54,Weekday,160.39
2023-08-19,32.83,79.75,Weekend,243.05
2023-08-20,22.92,60.69,Weekday,178.96
2023-08-21,36.16,65.25,Weekday,224.85
2023-08-22,19.11,51.98,Weekend,184.59
2023-08-23,22.5,54.2,Weekend,168.7
2023-08-24,37.03,79.12,Weekend,269.61
2023-08-25,25.63,36.18,Weekend,167.85
2023-08-26,11.16,75.2,Weekend,187.59
2023-08-27,29.1,64.61,Weekday,206.03
2023-08-28,25.57,70.88,Weekend,217.65
2023-08-29,12.46,38.91,Weekday,133.77
2023-08-30,10.86,74.94,Weekend,192.89
2023-08-31,14.51,88.26,Weekend,192.89
2023-09-01,16.91,79.45,Weekend,209.72
2023-09-02,26.66,78.76,Weekend,206.75
2023-09-03,34.51,77.18,Weekday,215.58
2023-09-04,31.03,86.01,Weekday,241.45
2023-09-05,33.59,46.94,Weekend,203.85
2023-09-06,22.74,49.75,Weekend,164.79
2023-09-07,20.05,81.38,Weekday,198.98
2023-09-08,31.46,46.09,Weekend,194.52
2023-09-09,18.99,39.49,Weekday,136.77
2023-09-10,16.1,55.55,Weekend,162.02
2023-09-11,30.18,49.23,Weekday,183.53
2023-09-12,16.61,47.14,Weekend,153.32
2023-09-13,15.13,77.4,Weekend,197.25
2023-09-14,21.05,72.99,Weekend,216.6
2023-09-15,19.26,43.72,Weekday,151.14
2023-09-16,33.16,48.25,Weekend,191.17
2023-09-17,36.5,66.52,Weekday,222.03
2023-09-18,15.93,22.05,Weekday,107.67
2023-09-19,15.04,49.23,Weekend,156.46
2023-09-20,29.7,23.2,Weekend,174.83
2023-09-21,18.08,42.68,Weekend,145.12
2023-09-22,10.56,65.36,Weekday,150.79
2023-09-23,17.35,65.3,Weekend,206.53
2023-09-24,30.01,69.22,Weekday,223.41
2023-09-25,17.62,61.84,Weekday,170.19
2023-09-26,35.16,27.34,Weekend,174.83
2023-09-27,14.66,24.24,Weekday,101.97
2023-09-28,26.35,84.87,Weekend,233.21
2023-09-29,19.97,79.36,Weekday,205.66
2023-09-30,26.38,20.58,Weekday,146.79
2023-10-01,10.7,60.11,Weekday,143.74
2023-10-02,15.44,63.71,Weekday,179.81
2023-10-03,24.87,87.99,Weekday,215.16
2023-10-04,39.93,89.78,Weekday,264.49
2023-10-05,24.29,78.13,Weekend,217.57
2023-10-06,25.85,40.49,Weekend,193.24
2023-10-07,21.58,45.2,Weekday,172.83
2023-10-08,21.1,72.98,Weekend,192.59
2023-10-09,18.37,55.46,Weekday,151.43
2023-10-10,16.58,27.38,Weekday,126.45
2023-10-11,36.93,85.88,Weekday,234.86
2023-10-12,38.17,67.87,Weekend,262.68
2023-10-13,16.82,78.42,Weekend,191.74
2023-10-14,10.53,59.99,Weekday,159.63
2023-10-15,36.6,33.29,Weekday,193.64
2023-10-16,39.68,53.24,Weekend,214.01
2023-10-17,28.25,85.9,Weekend,252.09
2023-10-18,33.52,54.8,Weekday,206.84
2023-10-19,18.24,24.49,Weekday,141.24
2023-10-20,38.67,43.82,Weekend,218.98
2023-10-21,30.79,82.75,Weekend,253.61
2023-10-22,35.36,38.33,Weekday,182.8
2023-10-23,27.13,89.19,Weekday,230.5
2023-10-24,33.61,71.05,Weekend,219.22
2023-10-25,28.35,26.04,Weekend,175.27
2023-10-26,12.08,70.53,Weekend,183.5
2023-10-27,31.69,80.68,Weekend,223.07
2023-10-28,21.97,86.05,Weekday,194.54
2023-10-29,26.09,89.53,Weekday,236.03
2023-10-30,11.91,85.77,Weekend,191.33
2023-10-31,37.55,52.0,Weekend,212.2
2023-11-01,39.01,54.8,Weekend,215.74
2023-11-02,19.73,63.77,Weekend,184.9
2023-11-03,14.47,67.05,Weekend,171.26
2023-11-04,29.66,84.91,Weekend,241.3
2023-11-05,14.43,37.58,Weekday,129.56
2023-11-06,32.01,52.79,Weekend,225.87
2023-11-07,25.36,60.06,Weekend,198.85
2023-11-08,11.48,84.91,Weekday,185.97
2023-11-09,24.66,49.9,Weekend,197.81
2023-11-10,32.12,70.64,Weekend,220.28
2023-11-11,14.88,66.41,Weekend,189.89
2023-11-12,18.72,85.04,Weekend,215.74
2023-11-13,38.83,80.68,Weekday,232.83
2023-11-14,23.08,55.4,Weekend,190.7
2023-11-15,30.93,76.44,Weekday,211.51
2023-11-16,21.12,86.21,Weekend,230.26
2023-11-17,14.56,23.79,Weekday,114.68
2023-11-18,13.65,62.18,Weekend,178.26
2023-11-19,16.62,42.74,Weekend,182.82
2023-11-20,11.41,50.49,Weekend,141.34
2023-11-21,39.14,40.46,Weekend,209.75
2023-11-22,18.82,32.68,Weekend,162.54
2023-11-23,33.37,88.07,Weekday,238.37
2023-11-24,11.34,58.56,Weekday,139.16
2023-11-25,38.88,60.71,Weekday,228.68
2023-11-26,26.33,40.98,Weekend,167.4
2023-11-27,20.3,33.65,Weekday,134.15
2023-11-28,25.25,64.75,Weekend,221.61
2023-11-29,18.07,58.1,Weekend,179.33
2023-11-30,21.85,32.46,Weekday,146.61
2023-12-01,25.3,81.61,Weekday,226.17
2023-12-02,21.38,78.75,Weekday,218.59
2023-12-03,26.7,21.24,Weekday,142.61
2023-12-04,15.85,58.63,Weekend,150.14
2023-12-05,21.6,72.84,Weekend,214.93
2023-12-06,28.57,35.44,Weekend,179.7
2023-12-07,32.2,25.18,Weekday,173.43
2023-12-08,13.17,21.58,Weekday,110.08
2023-12-09,30.87,55.68,Weekday,192.84
2023-12-10,20.52,57.25,Weekday,156.93
2023-12-11,20.86,54.23,Weekend,183.32
2023-12-12,38.95,31.37,Weekend,192.51
2023-12-13,39.01,25.6,Weekend,201.09
2023-12-14,39.33,28.08,Weekend,193.54
2023-12-15,25.58,72.11,Weekend,225.27
2023-12-16,17.17,31.24,Weekend,144.95
2023-12-17,39.37,25.55,Weekend,202.15
2023-12-18,28.6,82.2,Weekend,229.69
2023-12-19,27.06,76.24,Weekday,219.06
2023-12-20,30.71,67.33,Weekday,211.84
2023-12-21,15.28,36.18,Weekend,144.35
2023-12-22,21.36,35.24,Weekend,174.48
2023-12-23,34.53,39.11,Weekday,178.54
2023-12-24,28.63,67.81,Weekday,195.58
2023-12-25,10.49,63.17,Weekend,168.61
2023-12-26,10.05,52.8,Weekend,154.93
2023-12-27,21.83,37.07,Weekday,161.13
2023-12-28,18.87,51.1,Weekend,187.43
2023-12-29,20.82,45.12,Weekday,170.03
2023-12-30,13.74,36.1,Weekend,139.58
2023-12-31,21.44,78.68,Weekend,235.77
2024-01-01,37.96,87.36,Weekday,254.63
2024-01-02,38.67,35.97,Weekend,198.91
2024-01-03,28.77,39.3,Weekday,177.35
2024-01-04,14.2,86.01,Weekend,205.83
2024-01-05,36.98,30.06,Weekend,189.29
2024-01-06,36.56,37.47,Weekend,198.31
2024-01-07,11.44,36.72,Weekend,143.87
2024-01-08,17.32,29.46,Weekday,139.41
2024-01-09,35.59,47.52,Weekend,212.23
2024-01-10,37.26,85.26,Weekday,258.94
2024-01-11,30.77,86.29,Weekday,241.89
2024-01-12,22.93,25.81,Weekday,140.55
2024-01-13,35.65,21.81,Weekend,201.77
2024-01-14,24.6,26.92,Weekend,157.68
2024-01-15,25.01,24.65,Weekday,147.03
2024-01-16,16.23,40.08,Weekend,150.5
2024-01-17,36.58,74.42,Weekday,224.59
2024-01-18,36.7,43.62,Weekend,207.2
2024-01-19,29.66,62.27,Weekday,191.88
2024-01-20,22.55,33.04,Weekday,154.31
2024-01-21,15.21,64.15,Weekend,188.54
2024-01-22,24.79,27.88,Weekend,154.35
2024-01-23,10.84,87.52,Weekday,191.47
2024-01-24,20.68,74.0,Weekday,195.02
2024-01-25,37.06,62.36,Weekend,237.43
2024-01-26,36.27,32.81,Weekday,184.4
2024-01-27,29.61,83.72,Weekday,204.22
2024-01-28,18.75,24.75,Weekday,138.43
2024-01-29,29.01,87.55,Weekday,230.35
2024-01-30,37.39,54.76,Weekday,217.76
2024-01-31,14.36,24.56,Weekday,118.23
2024-02-01,22.74,55.35,Weekend,203.16
2024-02-02,19.75,25.27,Weekday,135.55
2024-02-03,24.91,25.14,Weekend,168.62
2024-02-04,16.64,85.96,Weekend,207.98
2024-02-05,15.45,74.15,Weekday,186.45
2024-02-06,23.86,83.83,Weekday,201.85
2024-02-07,27.72,60.87,Weekend,204.45
2024-02-08,19.42,30.29,Weekend,156.2
2024-02-09,39.06,87.66,Weekend,281.5
2024-02-10,17.76,21.08,Weekday,120.28
2024-02-11,24.23,25.3,Weekday,135.57
2024-02-12,19.98,38.51,Weekday,150.89
2024-02-13,32.89,37.03,Weekday,177.65
2024-02-14,28.39,71.63,Weekend,228.83
2024-02-15,18.52,59.21,Weekday,174.83
2024-02-16,16.77,28.87,Weekday,121.16
2024-02-17,18.1,33.55,Weekend,139.74
2024-02-18,31.2,30.77,Weekend,188.42
2024-02-19,14.9,45.19,Weekday,150.37
2024-02-20,36.5,49.45,Weekday,216.89
2024-02-21,25.69,83.23,Weekday,210.55
2024-02-22,39.32,32.19,Weekend,200.68
2024-02-23,14.4,42.46,Weekend,147.14
2024-02-24,28.97,30.5,Weekend,198.97
2024-02-25,16.34,83.08,Weekend,197.31
2024-02-26,32.33,82.46,Weekend,236.1
2024-02-27,31.22,73.36,Weekend,226.26
2024-02-28,13.96,79.43,Weekday,156.78
2024-02-29,27.71,37.71,Weekend,179.04
2024-03-01,15.62,55.52,Weekend,171.14
2024-03-02,19.52,59.01,Weekend,182.17
2024-03-03,39.0,79.59,Weekend,246.67
2024-03-04,13.95,48.87,Weekday,142.8
2024-03-05,26.71,80.86,Weekend,235.84
2024-03-06,17.7,83.95,Weekday,197.46
2024-03-07,20.62,43.62,Weekday,149.67
2024-03-08,27.62,34.29,Weekend,194.87
2024-03-09,28.43,65.91,Weekday,207.12
2024-03-10,29.12,53.28,Weekend,204.02
2024-03-11,27.83,83.18,Weekend,227.81
2024-03-12,37.88,83.6,Weekday,254.12
2024-03-13,18.99,67.95,Weekend,187.28
2024-03-14,24.38,21.55,Weekday,150.92
2024-03-15,16.26,58.74,Weekday,159.47
2024-03-16,14.29,38.65,Weekday,127.62
2024-03-17,23.81,64.8,Weekday,170.96
2024-03-18,26.78,71.66,Weekend,217.09
2024-03-19,24.17,49.79,Weekend,181.03
2024-03-20,17.57,61.32,Weekend,185.4
2024-03-21,20.98,63.13,Weekend,198.69
2024-03-22,26.08,65.42,Weekday,179.94
2024-03-23,28.93,73.05,Weekday,220.29
2024-03-24,15.63,40.68,Weekend,146.51
2024-03-25,38.78,42.6,Weekday,187.39
2024-03-26,25.94,67.3,Weekend,201.8
2024-03-27,13.06,59.59,Weekday,179.14
2024-03-28,11.4,56.64,Weekend,134.58
2024-03-29,30.61,71.75,Weekend,220.02
2024-03-30,33.57,29.14,Weekday,161.37
2024-03-31,23.71,87.3,Weekday,229.8
2024-04-01,32.63,35.27,Weekend,200.16
2024-04-02,26.99,65.11,Weekend,214.57
2024-04-03,17.83,66.06,Weekday,170.99
2024-04-04,31.3,34.68,Weekend,201.07
2024-04-05,10.08,83.15,Weekend,196.84
2024-04-06,11.7,68.5,Weekend,177.57
2024-04-07,36.85,64.35,Weekday,224.62
2024-04-08,36.78,54.59,Weekend,225.62
2024-04-09,27.93,73.15,Weekend,230.79
2024-04-10,37.94,41.41,Weekday,190.29
2024-04-11,20.7,24.03,Weekend,146.41
2024-04-12,13.21,29.64,Weekend,133.0
2024-04-13,30.02,80.73,Weekday,216.81
2024-04-14,12.93,58.52,Weekend,167.47
2024-04-15,15.11,72.68,Weekday,179.22
2024-04-16,26.3,89.71,Weekday,208.23
2024-04-17,15.65,88.74,Weekday,209.35
2024-04-18,35.07,37.72,Weekend,213.72
2024-04-19,34.44,49.82,Weekday,203.24
2024-04-20,27.92,55.68,Weekday,185.18
2024-04-21,29.63,55.42,Weekend,195.94
2024-04-22,35.77,75.41,Weekday,236.05
2024-04-23,26.56,88.32,Weekday,218.38
2024-04-24,32.52,30.35,Weekend,195.35
2024-04-25,28.05,50.64,Weekend,199.94
2024-04-26,22.42,67.9,Weekday,196.47
2024-04-27,27.9,35.34,Weekday,154.39
2024-04-28,16.32,60.88,Weekday,150.95
2024-04-29,23.67,76.8,Weekday,204.94
2024-04-30,34.25,76.81,Weekend,238.19
2024-05-01,15.08,51.08,Weekday,145.26
2024-05-02,22.27,71.02,Weekday,174.36
2024-05-03,28.94,85.21,Weekday,236.18
2024-05-04,32.01,79.92,Weekday,214.01
2024-05-05,18.62,38.07,Weekday,125.51
2024-05-06,24.77,41.9,Weekend,171.18
2024-05-07,39.94,80.82,Weekend,269.98
2024-05-08,31.44,85.9,Weekend,257.13
2024-05-09,36.15,48.65,Weekend,204.47
2024-05-10,33.62,33.21,Weekday,180.03
2024-05-11,39.63,32.39,Weekend,194.57
2024-05-12,30.37,63.58,Weekday,208.49
2024-05-13,38.17,37.4,Weekday,190.02
2024-05-14,15.22,44.3,Weekday,144.81
2024-05-15,14.01,79.28,Weekend,194.12
2024-05-16,18.3,30.62,Weekend,149.41
2024-05-17,10.54,72.73,Weekend,182.81
2024-05-18,11.14,49.6,Weekend,144.63
2024-05-19,15.08,72.1,Weekend,189.5
2024-05-20,16.32,79.22,Weekday,176.87
2024-05-21,19.77,71.15,Weekday,203.95
2024-05-22,30.71,84.07,Weekend,227.41
2024-05-23,36.06,29.17,Weekday,168.12
2024-05-24,11.85,35.84,Weekday,120.89
2024-05-25,39.37,73.66,Weekend,265.64
2024-05-26,37.86,38.33,Weekday,194.91
2024-05-27,11.2,70.67,Weekend,163.75
2024-05-28,25.89,60.32,Weekend,192.97
2024-05-29,31.14,21.28,Weekend,180.87
2024-05-30,26.28,81.36,Weekend,222.31
2024-05-31,16.64,30.73,Weekday,149.39
2024-06-01,32.13,28.51,Weekday,159.3
2024-06-02,24.5,87.33,Weekday,220.3
2024-06-03,39.67,35.5,Weekend,208.34
2024-06-04,27.47,58.25,Weekend,218.3
2024-06-05,38.43,71.6,Weekend,251.69
2024-06-06,25.03,22.13,Weekday,147.03
2024-06-07,19.21,77.24,Weekday,189.67
2024-06-08,23.2,89.94,Weekend,212.18
2024-06-09,10.0,33.63,Weekend,127.01
2024-06-10,21.22,86.8,Weekday,200.7
2024-06-11,20.97,62.98,Weekday,189.72
2024-06-12,19.67,44.89,Weekday,163.1
2024-06-13,32.12,82.36,Weekend,253.26
2024-06-14,26.17,27.45,Weekday,146.28
2024-06-15,33.51,30.23,Weekend,188.54
2024-06-16,29.01,39.32,Weekday,171.95
2024-06-17,36.76,50.02,Weekday,204.67
2024-06-18,11.49,30.13,Weekend,139.43
2024-06-19,10.37,70.08,Weekday,155.31
2024-06-20,26.44,70.82,Weekday,195.76
2024-06-21,35.24,26.59,Weekday,168.36
2024-06-22,31.82,67.36,Weekend,215.12
2024-06-23,27.97,57.75,Weekday,183.36
2024-06-24,15.06,89.49,Weekday,190.93
2024-06-25,29.44,50.88,Weekday,189.56
2024-06-26,10.91,59.94,Weekday,126.99
2024-06-27,31.43,61.3,Weekend,207.75
2024-06-28,22.75,29.8,Weekend,152.59
2024-06-29,37.98,34.59,Weekday,189.51
2024-06-30,19.61,63.42,Weekend,198.72
2024-07-01,27.89,37.61,Weekend,178.34
2024-07-02,15.15,45.82,Weekday,143.78
2024-07-03,26.21,84.94,Weekend,233.05
2024-07-04,22.79,85.15,Weekday,205.73
2024-07-05,32.68,45.68,Weekend,196.22
2024-07-06,20.3,67.74,Weekday,172.68
2024-07-07,35.95,34.68,Weekend,208.87
2024-07-08,12.81,21.52,Weekend,128.4
2024-07-09,35.06,75.36,Weekend,243.31
2024-07-10,22.49,55.74,Weekday,173.03
2024-07-11,31.09,57.99,Weekend,222.73
2024-07-12,22.43,37.13,Weekday,146.88
2024-07-13,20.89,29.31,Weekend,149.5
2024-07-14,20.18,25.48,Weekday,138.57
2024-07-15,39.66,44.71,Weekday,195.69
2024-07-16,18.26,22.56,Weekday,112.4
2024-07-17,32.49,59.27,Weekend,214.81
2024-07-18,25.72,29.05,Weekday,153.29
2024-07-19,16.37,57.8,Weekend,157.63
2024-07-20,37.54,64.32,Weekend,235.62
2024-07-21,13.56,39.21,Weekend,139.79
2024-07-22,18.55,83.04,Weekend,214.29
2024-07-23,11.05,79.41,Weekday,177.29
2024-07-24,19.06,30.3,Weekend,141.09
2024-07-25,32.67,30.35,Weekday,184.79
2024-07-26,29.29,89.34,Weekday,209.4
2024-07-27,23.41,72.5,Weekend,207.97
2024-07-28,36.22,23.06,Weekday,180.1
2024-07-29,23.94,65.5,Weekday,189.94
2024-07-30,35.14,38.77,Weekday,195.57
2024-07-31,27.54,28.84,Weekday,147.49
2024-08-01,26.02,35.17,Weekday,165.28
2024-08-02,18.94,70.84,Weekend,198.34
2024-08-03,23.27,37.37,Weekday,154.06
2024-08-04,22.52,85.74,Weekday,201.8
2024-08-05,16.15,52.91,Weekday,149.43
2024-08-06,40.0,36.24,Weekday,204.67
2024-08-07,15.41,31.33,Weekday,114.02
2024-08-08,15.63,88.39,Weekday,199.27
2024-08-09,35.87,53.12,Weekday,221.41
2024-08-10,31.17,71.24,Weekend,227.49
2024-08-11,33.23,53.81,Weekday,208.75
2024-08-12,29.47,40.91,Weekday,168.36
2024-08-13,22.59,20.22,Weekday,139.68
2024-08-14,23.26,51.59,Weekday,175.63
2024-08-15,19.69,70.2,Weekend,207.98
2024-08-16,20.92,66.57,Weekend,189.01
2024-08-17,34.25,48.65,Weekend,211.19
2024-08-18,12.86,52.46,Weekend,173.79
2024-08-19,12.75,33.13,Weekday,126.87
2024-08-20,35.91,52.73,Weekend,214.42
2024-08-21,16.24,75.22,Weekend,198.36
2024-08-22,29.18,49.8,Weekend,195.1
2024-08-23,29.55,58.44,Weekday,175.53
2024-08-24,34.18,24.02,Weekend,209.52
2024-08-25,15.17,44.67,Weekday,140.09
2024-08-26,20.02,37.46,Weekday,151.22
2024-08-27,26.01,33.87,Weekend,181.55
2024-08-28,13.13,75.54,Weekday,164.18
2024-08-29,35.33,38.04,Weekend,207.66
2024-08-30,30.29,54.43,Weekend,196.68
2024-08-31,12.65,46.03,Weekday,127.6
2024-09-01,24.44,68.45,Weekday,197.86
2024-09-02,30.21,37.21,Weekday,169.14
2024-09-03,34.75,84.32,Weekday,242.11
2024-09-04,10.72,37.57,Weekday,123.54
2024-09-05,11.24,41.99,Weekend,139.1
2024-09-06,28.35,62.1,Weekday,203.74
2024-09-07,32.3,30.92,Weekday,155.3
2024-09-08,18.04,53.97,Weekday,150.54
2024-09-09,28.07,62.96,Weekday,207.48
2024-09-10,26.17,88.96,Weekday,211.27
2024-09-11,26.21,64.83,Weekend,216.01
2024-09-12,10.98,35.7,Weekday,132.75
2024-09-13,24.14,44.81,Weekday,167.81
2024-09-14,23.98,24.01,Weekend,157.21
2024-09-15,14.49,50.37,Weekend,167.74
2024-09-16,34.29,67.55,Weekday,220.32
2024-09-17,30.56,41.56,Weekend,193.47
2024-09-18,18.31,20.68,Weekday,124.37
2024-09-19,25.53,71.22,Weekend,224.68
2024-09-20,34.15,56.82,Weekend,220.78
2024-09-21,25.35,51.19,Weekday,179.4
2024-09-22,26.01,72.1,Weekend,215.33
2024-09-23,36.43,23.88,Weekday,159.5
2024-09-24,26.34,85.91,Weekday,225.08
2024-09-25,35.16,44.97,Weekend,200.49
2024-09-26,34.99,77.78,Weekend,252.75
2024-09-27,35.05,59.53,Weekday,218.59
2024-09-28,10.8,82.04,Weekend,185.95
2024-09-29,28.39,81.74,Weekend,236.8
2024-09-30,28.63,63.8,Weekend,216.39
2024-10-01,16.16,84.69,Weekday,194.94
2024-10-02,22.12,28.88,Weekend,174.5
2024-10-03,23.15,84.92,Weekday,216.62
2024-10-04,36.92,44.44,Weekend,217.86
2024-10-05,30.19,26.28,Weekend,158.88
2024-10-06,27.36,58.13,Weekend,210.72
2024-10-07,33.04,20.54,Weekend,180.86
2024-10-08,20.58,70.86,Weekend,210.58
2024-10-09,16.58,34.13,Weekday,138.17
2024-10-10,29.09,61.53,Weekend,211.05
2024-10-11,25.45,51.15,Weekday,165.79
2024-10-12,10.34,74.71,Weekend,189.54
2024-10-13,29.45,85.62,Weekday,220.84
2024-10-14,38.52,51.18,Weekend,229.18
2024-10-15,27.45,50.02,Weekday,168.02
2024-10-16,18.08,40.8,Weekend,146.69
2024-10-17,26.6,75.88,Weekend,204.91
2024-10-18,21.41,69.33,Weekday,198.31
2024-10-19,12.22,56.08,Weekday,152.29
2024-10-20,37.73,44.0,Weekend,220.93
2024-10-21,39.81,32.77,Weekday,199.69
2024-10-22,36.94,37.49,Weekday,185.6
2024-10-23,19.76,49.37,Weekend,154.62
2024-10-24,31.97,21.62,Weekend,172.82
2024-10-25,31.3,52.78,Weekend,201.4
2024-10-26,35.73,68.83,Weekday,209.42
2024-10-27,19.83,62.05,Weekday,166.62
2024-10-28,19.03,22.3,Weekday,110.59
2024-10-29,14.94,20.72,Weekend,128.14
2024-10-30,39.47,41.96,Weekday,199.1
2024-10-31,39.81,72.25,Weekend,244.86
2024-11-01,22.69,47.66,Weekend,184.47
2024-11-02,38.04,36.82,Weekday,187.81
2024-11-03,27.23,76.17,Weekend,226.56
2024-11-04,32.92,74.04,Weekday,235.65
2024-11-05,14.27,39.05,Weekend,159.41
2024-11-06,31.12,51.26,Weekend,205.46
2024-11-07,14.93,84.8,Weekday,196.48
2024-11-08,31.28,76.73,Weekday,226.28
2024-11-09,36.35,66.21,Weekend,244.66
2024-11-10,37.91,53.99,Weekend,225.75
2024-11-11,10.96,37.02,Weekday,130.44
2024-11-12,10.59,30.9,Weekday,109.88
2024-11-13,34.11,28.06,Weekend,182.28
2024-11-14,13.93,37.9,Weekday,127.97
2024-11-15,36.47,52.12,Weekday,187.49
2024-11-16,11.57,77.89,Weekend,198.66
2024-11-17,37.61,42.8,Weekday,182.75
2024-11-18,33.54,35.46,Weekday,155.02
2024-11-19,15.68,28.65,Weekend,139.97
2024-11-20,33.81,66.84,Weekend,223.51
2024-11-21,28.05,30.86,Weekday,154.9
2024-11-22,16.46,72.91,Weekday,183.38
2024-11-23,22.38,65.85,Weekend,167.58
2024-11-24,33.59,27.95,Weekend,186.64
2024-11-25,24.88,74.27,Weekend,220.49
2024-11-26,35.75,35.45,Weekend,186.17
2024-11-27,14.47,58.79,Weekend,162.07
2024-11-28,36.53,54.26,Weekend,222.61
2024-11-29,11.66,28.9,Weekday,108.5
2024-11-30,36.66,48.28,Weekend,207.47
2024-12-01,21.42,55.23,Weekend,203.95
2024-12-02,12.04,41.26,Weekday,136.36
2024-12-03,18.71,50.7,Weekday,162.06
2024-12-04,31.95,33.01,Weekend,176.78
2024-12-05,28.47,37.75,Weekday,192.93
2024-12-06,16.08,83.49,Weekday,173.63
2024-12-07,27.19,71.88,Weekend,216.53
2024-12-08,17.99,21.66,Weekday,114.82
2024-12-09,36.24,68.4,Weekend,235.88
2024-12-10,21.66,20.67,Weekday,116.32
2024-12-11,19.67,38.14,Weekday,131.94
2024-12-12,14.87,24.46,Weekday,120.31
2024-12-13,31.03,44.83,Weekday,185.26
2024-12-14,14.32,28.52,Weekday,118.6
2024-12-15,19.44,23.74,Weekday,103.27
2024-12-16,26.59,28.45,Weekday,171.82
2024-12-17,24.74,26.77,Weekday,140.13
2024-12-18,11.93,68.96,Weekend,168.2
2024-12-19,30.28,51.73,Weekend,195.5
2024-12-20,10.46,73.08,Weekday,172.94
2024-12-21,38.59,25.62,Weekend,194.66
2024-12-22,32.57,42.14,Weekend,208.48
2024-12-23,15.5,43.06,Weekend,158.79
2024-12-24,15.04,21.89,Weekday,110.33
2024-12-25,32.38,77.85,Weekday,235.1
2024-12-26,18.93,66.0,Weekday,176.54
2024-12-27,22.48,54.99,Weekend,192.61
2024-12-28,16.45,22.7,Weekend,130.09
2024-12-29,21.39,89.67,Weekend,238.67
2024-12-30,24.84,55.22,Weekend,206.42
2024-12-31,14.51,26.33,Weekday,104.32
2025-01-01,22.5,24.25,Weekday,136.17
2025-01-02,36.94,78.0,Weekend,248.59
2025-01-03,27.67,86.48,Weekday,234.98
2025-01-04,21.85,35.52,Weekend,160.52
2025-01-05,24.81,41.06,Weekend,191.27
2025-01-06,14.57,40.58,Weekday,112.64
2025-01-07,26.58,61.41,Weekday,195.47
2025-01-08,15.83,86.58,Weekday,191.72
2025-01-09,17.38,86.61,Weekday,190.62
2025-01-10,30.69,30.79,Weekend,167.52
2025-01-11,30.0,46.09,Weekend,184.09
2025-01-12,15.44,89.28,Weekend,211.99
2025-01-13,15.74,75.67,Weekday,176.12
2025-01-14,36.72,49.95,Weekend,228.43
2025-01-15,27.62,84.12,Weekend,224.8
2025-01-16,37.96,63.51,Weekday,229.43
2025-01-17,30.41,76.83,Weekend,238.97
2025-01-18,23.2,59.4,Weekday,168.34
2025-01-19,17.4,36.03,Weekend,154.07
2025-01-20,21.77,77.27,Weekend,208.56
2025-01-21,37.19,34.74,Weekend,197.88
2025-01-22,16.0,26.23,Weekday,123.42
2025-01-23,21.99,46.0,Weekend,183.73
2025-01-24,38.76,31.6,Weekday,166.78
2025-01-25,25.11,62.43,Weekend,202.79
2025-01-26,35.49,83.38,Weekend,251.16
2025-01-27,26.41,29.15,Weekday,151.27
2025-01-28,17.75,52.81,Weekend,168.46
2025-01-29,27.3,47.42,Weekday,186.15
2025-01-30,12.01,30.63,Weekend,134.45
2025-01-31,23.13,53.73,Weekend,176.93
2025-02-01,20.64,26.73,Weekday,108.21
2025-02-02,37.13,58.99,Weekday,221.16
2025-02-03,21.71,30.91,Weekend,146.97
2025-02-04,12.67,78.98,Weekday,174.99
2025-02-05,30.94,30.09,Weekday,161.84
2025-02-06,10.18,88.17,Weekday,193.28
2025-02-07,18.42,55.3,Weekend,196.81
2025-02-08,15.34,57.06,Weekend,156.67
2025-02-09,39.74,78.12,Weekday,239.64
2025-02-10,39.21,62.18,Weekend,253.29
2025-02-11,28.24,37.23,Weekday,181.28
2025-02-12,22.39,82.69,Weekday,185.85
2025-02-13,16.92,66.04,Weekend,192.62
2025-02-14,12.61,45.29,Weekend,151.17
2025-02-15,22.17,28.43,Weekday,133.97
2025-02-16,16.14,43.68,Weekday,135.35
2025-02-17,10.05,67.09,Weekday,144.41
2025-02-18,36.62,64.57,Weekend,247.66
2025-02-19,39.87,39.07,Weekday,192.46
2025-02-20,25.56,56.28,Weekend,188.26
2025-02-21,13.77,65.89,Weekend,158.98
2025-02-22,23.79,33.12,Weekday,140.32
2025-02-23,30.2,38.75,Weekend,186.74
2025-02-24,23.56,23.63,Weekend,149.27
2025-02-25,20.84,25.91,Weekday,130.21
2025-02-26,37.08,54.61,Weekday,201.36
2025-02-27,29.86,60.8,Weekend,206.77
2025-02-28,12.62,57.08,Weekend,180.11
2025-03-01,11.87,48.85,Weekend,147.26
2025-03-02,37.92,67.46,Weekday,234.14
2025-03-03,16.21,20.13,Weekday,120.43
2025-03-04,35.24,76.87,Weekday,239.54
2025-03-05,36.05,50.09,Weekday,196.26
2025-03-06,33.7,79.85,Weekday,234.21
2025-03-07,36.33,22.15,Weekend,170.89
2025-03-08,34.19,82.96,Weekday,231.0
2025-03-09,11.62,59.35,Weekday,159.0
2025-03-10,21.28,73.85,Weekend,194.17
2025-03-11,10.66,77.63,Weekday,167.93
2025-03-12,26.02,34.12,Weekend,183.81
2025-03-13,19.49,26.24,Weekday,128.75
2025-03-14,14.89,82.85,Weekend,206.02
2025-03-15,29.78,36.13,Weekday,155.71
2025-03-16,22.62,27.71,Weekday,136.18
2025-03-17,31.25,45.59,Weekend,183.15
2025-03-18,21.38,76.53,Weekday,203.38
2025-03-19,25.61,80.36,Weekday,221.9
2025-03-20,24.67,72.14,Weekday,210.05
2025-03-21,32.48,49.55,Weekday,176.42
2025-03-22,29.53,89.62,Weekend,232.7
2025-03-23,30.41,28.91,Weekend,173.51
2025-03-24,11.8,30.63,Weekday,118.33
2025-03-25,13.37,38.61,Weekend,153.24
2025-03-26,37.38,43.86,Weekday,180.28
2025-03-27,30.51,59.49,Weekend,219.23
2025-03-28,33.39,75.18,Weekday,222.83
2025-03-29,27.89,87.64,Weekday,219.08
2025-03-30,28.36,60.71,Weekday,209.07
2025-03-31,21.43,37.93,Weekend,158.26
2025-04-01,18.33,47.49,Weekday,152.55
2025-04-02,15.98,22.67,Weekday,108.82
2025-04-03,20.77,88.5,Weekday,224.91
2025-04-04,27.39,27.54,Weekday,147.38
2025-04-05,33.71,75.61,Weekend,240.75
2025-04-06,38.41,40.31,Weekend,209.33
2025-04-07,33.71,58.44,Weekend,222.85
2025-04-08,28.4,70.75,Weekend,235.66
2025-04-09,14.94,87.81,Weekday,203.38
2025-04-10,36.3,66.28,Weekday,215.6
2025-04-11,24.08,37.24,Weekend,184.39
2025-04-12,29.82,59.39,Weekday,181.1
2025-04-13,17.49,31.28,Weekend,141.04
2025-04-14,27.03,52.78,Weekend,205.56
2025-04-15,13.84,34.98,Weekday,119.21
2025-04-16,29.95,32.14,Weekend,179.29
2025-04-17,28.63,22.22,Weekday,159.21
2025-04-18,21.69,86.88,Weekday,218.75
2025-04-19,18.63,37.5,Weekend,165.65
2025-04-20,34.9,87.11,Weekday,247.81
2025-04-21,38.09,38.76,Weekend,188.17
2025-04-22,14.03,76.42,Weekday,172.33
2025-04-23,28.14,60.37,Weekday,192.17
2025-04-24,12.5,34.23,Weekend,150.14
2025-04-25,34.81,56.71,Weekend,214.72
2025-04-26,34.35,72.03,Weekend,232.44
2025-04-27,14.89,50.74,Weekday,130.56
2025-04-28,13.02,27.64,Weekend,135.23
2025-04-29,14.58,36.88,Weekend,145.77
2025-04-30,35.68,38.18,Weekday,171.03
2025-05-01,14.4,65.85,Weekend,187.4
2025-05-02,29.34,54.31,Weekday,188.91
2025-05-03,21.32,89.76,Weekday,210.71
2025-05-04,27.41,44.57,Weekend,171.57
2025-05-05,13.65,53.55,Weekday,147.93
2025-05-06,36.24,59.57,Weekday,205.89
2025-05-07,32.25,35.71,Weekday,170.42
2025-05-08,14.23,73.26,Weekday,186.32
2025-05-09,34.74,69.25,Weekday,212.79
2025-05-10,11.04,47.72,Weekend,148.2
2025-05-11,34.95,88.22,Weekend,279.88
2025-05-12,10.96,45.07,Weekday,121.72
2025-05-13,23.54,26.1,Weekend,169.87
2025-05-14,15.04,85.03,Weekday,189.55
2025-05-15,32.24,50.41,Weekday,195.65
2025-05-16,36.69,86.21,Weekend,265.07
2025-05-17,28.13,54.8,Weekday,180.06
2025-05-18,29.86,34.3,Weekday,166.35
2025-05-19,25.24,38.66,Weekend,177.99
2025-05-20,11.5,43.91,Weekday,123.8
2025-05-21,18.49,61.13,Weekday,180.67
2025-05-22,25.75,22.13,Weekend,149.69
2025-05-23,35.0,50.84,Weekend,214.83
2025-05-24,27.73,48.1,Weekday,178.34
2025-05-25,23.13,84.07,Weekday,212.59
2025-05-26,29.01,45.55,Weekday,186.25
2025-05-27,30.9,49.16,Weekday,185.61
2025-05-28,24.14,40.61,Weekend,177.63
2025-05-29,26.93,38.85,Weekend,197.19
2025-05-30,11.28,26.21,Weekday,100.16
2025-05-31,33.41,48.61,Weekday,199.19
2025-06-01,38.98,85.23,Weekend,276.1
2025-06-02,32.09,74.35,Weekday,226.69
2025-06-03,19.1,49.56,Weekend,184.22
2025-06-04,30.76,42.42,Weekday,190.34
2025-06-05,23.82,27.86,Weekend,158.36
2025-06-06,29.56,38.18,Weekend,193.98
2025-06-07,18.44,39.45,Weekend,163.71
2025-06-08,10.12,62.63,Weekday,145.77
2025-06-09,25.13,24.66,Weekday,136.18
2025-06-10,36.57,38.49,Weekday,196.47
2025-06-11,20.36,65.28,Weekend,211.16
2025-06-12,32.73,63.2,Weekend,212.53
2025-06-13,23.11,86.73,Weekday,229.47
2025-06-14,24.64,86.09,Weekday,223.34
2025-06-15,13.59,80.12,Weekday,194.51
2025-06-16,14.38,26.02,Weekday,114.95
2025-06-17,34.53,36.33,Weekend,202.81
2025-06-18,23.9,26.96,Weekday,131.63
2025-06-19,18.03,75.74,Weekday,196.36
2025-06-20,19.03,47.59,Weekday,161.28
2025-06-21,17.51,36.75,Weekend,165.08
2025-06-22,16.42,47.45,Weekday,138.36
2025-06-23,35.62,35.08,Weekend,187.48
2025-06-24,34.69,29.27,Weekday,183.36
2025-06-25,16.18,87.98,Weekend,204.68
2025-06-26,30.04,71.37,Weekday,217.08
2025-06-27,16.26,89.47,Weekday,193.57
2025-06-28,31.63,75.39,Weekend,225.08
2025-06-29,10.09,77.88,Weekend,200.51
2025-06-30,38.11,31.84,Weekday,210.41
2025-07-01,33.5,73.05,Weekend,249.08
2025-07-02,20.85,30.85,Weekend,153.08
2025-07-03,35.64,80.57,Weekend,254.07
2025-07-04,36.39,33.1,Weekend,196.84
2025-07-05,39.8,49.85,Weekday,198.33
2025-07-06,10.46,27.11,Weekend,101.31
2025-07-07,31.31,71.31,Weekday,204.16
2025-07-08,36.36,28.47,Weekday,181.94
2025-07-09,37.85,21.07,Weekday,153.55
2025-07-10,25.87,48.13,Weekend,184.75
2025-07-11,20.45,73.58,Weekend,191.97
2025-07-12,30.75,23.09,Weekend,180.81
2025-07-13,36.74,50.21,Weekday,207.32
2025-07-14,14.94,72.83,Weekday,170.92
2025-07-15,39.56,46.75,Weekday,217.6
2025-07-16,27.32,54.72,Weekday,192.0
2025-07-17,20.94,89.37,Weekend,216.65
2025-07-18,33.44,29.09,Weekend,201.12
2025-07-19,17.08,32.31,Weekday,130.02
2025-07-20,24.15,45.12,Weekday,157.07
2025-07-21,15.42,28.32,Weekend,134.98
2025-07-22,30.8,55.93,Weekend,196.58
2025-07-23,29.85,67.69,Weekday,203.41
2025-07-24,36.37,46.9,Weekend,214.18
2025-07-25,26.07,44.23,Weekday,170.81
2025-07-26,23.73,41.83,Weekday,145.27
2025-07-27,14.22,46.54,Weekday,135.19
2025-07-28,14.86,46.54,Weekend,161.22
2025-07-29,34.94,65.63,Weekday,211.93
2025-07-30,28.22,86.85,Weekday,220.87
2025-07-31,39.68,43.38,Weekday,205.85
2025-08-01,23.88,30.06,Weekend,161.18
2025-08-02,28.79,68.5,Weekend,219.42
2025-08-03,26.33,63.65,Weekend,201.04
2025-08-04,21.97,76.96,Weekday,204.04
2025-08-05,10.49,61.0,Weekend,159.07
2025-08-06,13.48,40.61,Weekend,156.85
2025-08-07,27.12,35.45,Weekend,179.84
2025-08-08,21.69,81.14,Weekday,206.01
2025-08-09,23.26,39.05,Weekday,158.67
2025-08-10,26.08,80.7,Weekend,220.99
2025-08-11,28.4,29.87,Weekend,156.17
2025-08-12,21.66,73.65,Weekend,199.88
2025-08-13,25.86,79.47,Weekend,225.12
2025-08-14,19.61,29.47,Weekday,132.28
2025-08-15,15.67,28.34,Weekday,130.38
2025-08-16,39.85,23.3,Weekend,199.01
2025-08-17,31.86,56.94,Weekend,209.98
2025-08-18,30.71,70.69,Weekday,234.67
2025-08-19,10.98,43.79,Weekday,130.39
2025-08-20,28.81,73.67,Weekday,206.83
2025-08-21,38.47,55.63,Weekday,230.0
2025-08-22,17.55,42.81,Weekday,130.77
2025-08-23,26.96,73.31,Weekday,216.53
2025-08-24,25.07,41.54,Weekday,161.27
2025-08-25,39.68,52.27,Weekday,209.58
2025-08-26,21.62,25.2,Weekday,138.64
2025-08-27,25.61,24.88,Weekday,142.83
2025-08-28,10.53,25.58,Weekend,109.86
2025-08-29,19.14,79.6,Weekend,208.53
2025-08-30,37.95,57.85,Weekday,207.57
2025-08-31,25.47,73.6,Weekend,200.01
2025-09-01,36.79,51.92,Weekday,189.42
2025-09-02,23.29,59.05,Weekday,175.35
2025-09-03,39.63,64.48,Weekday,228.83
2025-09-04,32.85,88.29,Weekday,226.66
2025-09-05,15.44,40.48,Weekday,139.5
2025-09-06,37.57,74.89,Weekend,243.31
2025-09-07,21.05,88.75,Weekend,229.17
2025-09-08,21.16,51.81,Weekday,190.77
2025-09-09,34.67,37.33,Weekday,193.38
2025-09-10,21.74,55.84,Weekday,162.41
2025-09-11,36.08,83.14,Weekend,259.19
2025-09-12,19.72,89.8,Weekend,231.69
2025-09-13,29.8,40.41,Weekend,197.65
2025-09-14,29.92,23.81,Weekend,179.73
2025-09-15,25.01,55.71,Weekend,189.38
2025-09-16,35.6,20.47,Weekday,164.92
2025-09-17,20.16,34.4,Weekday,144.21
2025-09-18,23.95,74.0,Weekend,212.75
2025-09-19,33.7,77.42,Weekend,230.87
2025-09-20,37.74,74.51,Weekday,240.42
2025-09-21,28.51,34.48,Weekend,152.48
2025-09-22,33.99,33.72,Weekday,185.92
2025-09-23,34.77,80.24,Weekday,230.7
2025-09-24,29.53,27.8,Weekday,165.12
2025-09-25,17.39,58.65,Weekday,149.76
2025-09-26,35.85,61.62,Weekday,228.48
